Painting,HueSD_z,SaturationSD_z,Brightness_z,BrightnessSD_z,ColourComponent_z,Entropy_z,StraightEdgeDensity_z,NonStraightEdgeDensity_z,Horizontal_Symmetry_z,Vertical_Symmetry_z
1.jpg,0.24111706374685993,-0.8103347428022535,0.08689746431657584,-1.674852430000579,0.6962766902976633,-0.9319297583064977,0.8739046457531133,-2.1831439313908265,0.9975545097693522,0.7626842967379216
2.jpg,1.58630127268033,-1.3462095269646641,-1.2513252276346662,-2.31111809742808,0.6564479624620019,-1.5819895246050948,0.49999250777725157,-1.4597720351914614,1.1952057758997052,0.9107645430359905
3.jpg,-1.6297892883702456,-2.3667060208523045,1.2069907044547923,-2.1400960639253364,-0.19786891991957314,-2.0446341248711266,-0.8364309154093518,-0.7603376971055902,1.8403007058466199,1.433631961380501
4.jpg,0.7969899329031993,0.19457680814353603,0.02375471620875765,-1.6132468275213927,0.28161567337890275,-1.2084105177020783,-0.8950897814471317,-0.9732821243106163,0.9914915874954157,1.3065188296025119
5.jpg,-0.12797752762408507,-0.905793977877407,-0.01729806272213502,-1.624636079132695,0.1748362350277607,-1.7733350419078562,-0.02757698117758914,-1.9754878320531692,1.2146071271763035,0.7548216287928923
6.jpg,0.015736038844375518,-1.116270098312152,1.0450857683947632,-2.4123762229037546,0.21748124642051325,-2.0974734510030553,1.6659853864350718,-1.7708511360198695,1.779671483107248,1.4231484041204603
7.jpg,1.1707982757088078,-1.2515781246938593,0.09773297453521909,-1.4580707251203389,0.6089627757027468,-1.6028967774887428,-0.6656997503912291,-1.634755577753746,1.352841755022072,1.4283901827504815
8.jpg,-1.7336179630173896,-3.0231561882967632,-1.0325154807238026,0.5652136834183544,0.6906950253211879,0.9509876843793174,-0.26160647535527004,0.6720973758459006,-1.889609077079531,-2.3207919823714303
9.jpg,0.4483830905128748,-1.4990920621065604,-1.3053602412065646,-1.9501405405254657,0.9644917326321203,-1.0624744510595103,-1.1297828313007765,2.357273229185312,0.9138861823890203,0.10877241264290874
10.jpg,-0.22983188294380766,0.29264900850194786,-1.6532513322090652,-0.7475358585295411,-0.8989832170052853,-0.4783480883097767,0.5400408142078699,0.8360042316886194,-1.2760413429570892,-1.1125620081517869
11.jpg,0.6339707640191089,-0.4442212450958959,-1.892607793113985,-0.5650083961465067,0.759416634750033,-1.3039218829590746,-1.120094766873542,1.4314305911133494,-1.9453879619997525,-1.0994575615767364
12.jpg,2.034207751136718,-1.2692850565816625,-0.5279688361363013,-0.6383456860108062,0.5378034631424056,-0.10643151926673029,-0.853445256130799,0.7661574955477142,0.7101719939847306,0.6303293863299129
13.jpg,1.593280829507443,-0.7161714443943774,-0.7184260762760362,0.4305531928231767,0.33744330450069754,-0.2091622308957156,-0.7432194174044977,0.35674404068234095,-1.8156414253374977,0.24636910168093704
14.jpg,0.4551557165504699,0.6287507194933488,-0.5945749582376559,0.8066622432003354,-0.48112590075600153,1.0955253104884535,3.648357905177062,-1.1569318020420534,-1.8738454791672936,-2.1805744040183925
15.jpg,1.1433142119795676,0.2698541182432086,1.2660775430201214,-0.3499992599028543,0.4548295024896247,0.9805435533407683,1.5806544689197444,-0.11577088321270186,0.4664425185724561,0.015730841960051152
16.jpg,0.7564603885674923,0.05426718804804875,0.443997224986211,1.1302802316469391,0.11378447434456465,1.3492993839744052,0.47809147592607937,-0.2195670782784004,-0.8067711589543508,0.22278109784584607
17.jpg,1.5419578486807841,0.4161719117479873,0.2950394104194642,-0.016324419890145703,-0.08775407378579525,0.889624788678628,1.5765011842835095,0.3442463299499327,-0.16773915128137276,0.18739909209321104
18.jpg,0.13276889252120622,0.7529684837398318,-0.19761613824294577,0.6405376365917919,1.6236896357572739,1.0975426089667095,1.1945353957169729,0.33942406568176,-0.5569787612681397,-1.2763675903399159
19.jpg,1.8012799585868429,0.6002315829537266,0.46282476956358926,-0.22914816146032266,-0.3117939090511577,0.8335103979683617,0.3160127846823628,0.7417508672440527,0.3318456440910508,-0.05241228023021201
20.jpg,0.6558553505823307,-0.47043775664934906,-0.3445870971040966,-0.3345557417852004,0.07809257440414578,0.4277381929288482,-0.8008310379018787,1.523662374390901,0.12449370232239929,-0.36822944268892466
21.jpg,-0.6207624725924961,1.1212122569240452,-1.368542807883622,0.11892634118829823,-1.6770705462859192,-0.4196330791541818,0.6917048183226465,0.5404925686661789,-1.1317437928373841,-2.2919621999063198
22.jpg,0.932438267103986,-0.8494414966030363,-0.6688010260343866,0.2261705361880711,1.3954740654797295,0.30263977831325173,-0.4767338822451711,0.4047865432243264,-0.0828582394462522,0.500595365236914
23.jpg,1.3945017374593676,-1.3260373617381724,-1.0238980660411963,-0.8389148638444442,0.7223226675798956,-0.0375077110475682,-1.1469566721792714,1.6725878871932154,0.35003441091286164,-0.4206472289891262
24.jpg,1.0581544464101174,-0.1886912516509053,-1.9524416326963705,-0.9919696854700181,-2.6876634140005353,-3.371857359720868,0.02925259134761482,-0.7143713557507048,-1.2530022383161277,-2.2316817456610876
25.jpg,0.3019617194019689,0.102106056800277,-1.3863916140480879,-0.5924284099720892,1.7812310937539635,-0.5565722390310608,1.2202345120795517,-0.2528506011511398,-1.7198472534092901,-1.7061934380015686
26.jpg,1.7664565767291276,-0.7467344571558812,-1.2036872407328798,-0.4515836300434712,0.8385840272590838,0.14591429901318834,0.3889033971836168,0.6067407325859292,-1.5694867810156485,-0.5792110325472357
27.jpg,0.6464651348994699,-0.2153296971684888,-2.1348451857220074,-1.0290247657273726,0.7788487103063763,-2.4433156535062173,-0.13388348544446918,-0.4648844315284129,-2.1624405794067036,-3.0664349924917973
28.jpg,-1.0183757158661408,-0.9265472174768155,-1.2081889509192787,-1.9310538490555138,-0.4716654190915538,-3.021476410067098,-1.6164850213999247,0.6721434073158836,1.2291581406337524,0.7404067375603355
29.jpg,-0.78068806173387,-0.605071776954305,1.688245719261418,-1.2458668879926644,-0.6674816205872216,-0.26934671786166897,-0.5664335492998698,0.3478925647321487,1.213394542721516,0.7902036345455272
30.jpg,-1.244827106931011,-0.4320548412870216,-1.3333153443370758,-1.2826724300414254,-0.2370934960647313,-0.637934389725289,-0.9959843552444384,0.9068802854371023,-0.24413197193298083,-0.40099055912655135
31.jpg,-1.0249795289679038,-1.3325833517554222,0.6787900634743281,-0.2247996685080698,2.8699934304211467,0.1797181031839592,-0.22394763745394874,-0.9840875502028261,0.7720138011788898,0.8255856402981637
32.jpg,0.7946555153704004,0.055036425141609356,-0.7587858194287384,-0.5087293786623448,0.14189646724604063,0.3717022055603851,-0.8576683667561339,2.370299591285496,0.3609476710059487,0.6434338329049633
33.jpg,-0.8899850366511367,-0.5460715904643483,-1.6152926069058418,-0.6050871466442425,-0.66700239822062,-0.9794373686227857,0.017840141956369158,-0.6406988998528254,-0.695213389113907,-1.6695009875914273
34.jpg,1.0306848454504765,-1.5355737309326287,-2.448183870566476,-2.686072160897174,0.05277989632897368,-4.145076881397132,-1.1652172400207637,-0.3088928433032527,1.129726215341183,1.1191252435792918
35.jpg,0.8661383477084966,-0.31251313684353255,0.2823087648958612,1.5750063168017634,0.8926914845519565,-0.44716686809212786,-1.247360168287642,1.3519395317647729,-0.5339396566271782,1.0431194534439991
36.jpg,-0.7238677049827299,0.0002532843459572969,-1.1596429698936674,1.1267372478668014,-0.5183528133027924,-0.7913437759750884,-0.21688455214367688,-0.5223662418706446,-2.7529692088881843,-1.0103473248663934
37.jpg,-0.3956499722731618,0.4277457782216856,-0.6157422577697127,0.6593657466456275,-0.5924901117610326,0.5668979205803172,-0.3174696522625729,0.18644416277592865,-0.8710381350580846,-0.7823299544605173
38.jpg,-0.974978459400648,1.1970170133823028,1.7162215270619279,-0.6225475628321983,-1.0402812733218259,0.31689034824675183,0.020185156460005238,1.2642386253394975,1.0812228371496855,1.0444298981015057
39.jpg,-1.0856034190612383,0.007147268006797474,0.8034232060446729,0.8768646860423868,-0.6019189873904777,0.8671991392569276,-0.2675594300059287,0.6096103410290704,0.5695121972293875,0.3865866800339766
40.jpg,-1.469988978580178,-0.22498626600052601,1.2051200307709433,-1.5868436914355,-2.943441042982921,-0.08303034567934904,-0.2273162912187956,1.0108861599837407,1.0084677698624391,0.6198458290698723
41.jpg,0.11658792234350888,-0.8337966413892433,-0.0328973158935506,-0.42671524363515984,1.3689559722893963,0.4378938078032974,0.05242610686206556,0.07950736684709406,-0.1919908403771215,-0.48485901720687324
42.jpg,0.347912319024856,1.5033551047548164,-1.4775303453411095,-0.14410673599825818,-2.318643506515898,-1.4252789417523004,-0.9550966076194624,0.14428655345144775,-1.3281824745129485,-1.0431084413040201
43.jpg,-1.3914168997786232,-0.558539320189978,0.9352665849179906,-0.087536364567184,-1.130891095251271,-1.5762082508698014,-0.19695338634987758,-0.6015303389680184,0.736848851990054,1.4126648468604197
44.jpg,0.7904334575708897,-0.3831983285487473,-1.1066789303828448,-0.37732347755648094,-0.7259584713199605,-1.0654397381687861,0.2554875502148548,-0.972660555558694,-0.7437167673054044,-0.9671026511687276
45.jpg,0.916349132348308,-1.6611857061488888,1.4360134545609429,-0.6540437402426431,1.1485911437799856,-0.07208502253317489,-1.7508960837205452,2.376307267868436,1.2267329717241777,1.37597239645028
46.jpg,0.4212294143849404,-1.2532890324516228,0.25704636269146264,-0.8750278513313935,0.8003207922222844,-0.1138261644450384,-1.346364561709049,1.6159789771203155,0.7720138011788898,1.116504354264282
47.jpg,-0.25731200830613715,-1.0836580103385003,-1.0701136364630595,0.7148958322974748,-0.015013362015390415,-0.6162856779111197,-0.9573981093217402,0.622809088107579,-2.227920139965225,0.07994263017779672
48.jpg,0.5319194882507853,0.26405703753445714,-1.011917683586387,0.18506714696649898,-2.6838760338353786,-1.707770384386233,-0.4675984879975818,-1.2661715151754223,-1.387599112797533,-0.9920010996613235
49.jpg,0.062801379574551,-1.0137619209092499,-0.6489114709211397,-0.11347078874794228,1.5395724381223361,0.6049500981020681,-0.5811427234383099,0.769360612945689,-0.31688703922022704,-0.36691899803141975
50.jpg,0.4606160606389548,-1.3455163462204147,1.16404076053018,0.02176880606577764,0.9188501055537212,0.28845271199605677,0.3966237007675062,-1.4231784291773102,0.9369252870299803,0.4324522430466522
51.jpg,-0.09738871552265264,-0.9727064042789458,0.7460769017036883,-0.8280385363109892,-0.12537336745193386,0.24586929410733577,-1.4362276830358103,2.2384444159660397,0.9733028206736034,0.6250876076998932
52.jpg,-1.5291588830740739,0.6149590323739554,1.3327557442994664,0.535276591995578,-0.24987995573605207,0.790915676064964,-1.3940619562299448,2.257646812998648,0.6483301867905715,0.9959434457738188
53.jpg,-0.9673932766527815,-0.7130055289633142,1.0961588696769418,0.24488109319722184,1.801213240013656,1.1772761076041194,-1.112888713298499,2.0716301317904966,0.8823589865645464,0.29092422003610774
54.jpg,-0.11119511000303808,0.016812163847511365,-0.6390276076951042,-0.39139973522779703,1.6161151092453931,0.08130375567476902,-0.2006518887916181,1.0912064763629268,-0.4757356027973811,-1.3038869281475216
55.jpg,0.9061460200711873,-1.26032840283659,2.277529779185054,-1.1196236583113224,0.657511456546096,-1.2155848878946174,0.253506493551136,-1.1721335042307452,1.498351889596563,1.3078292742600166
56.jpg,0.40700907746447595,-1.2455649646931481,-0.21952183364833233,0.7455257790326065,1.2858561578513952,0.3911369894492713,-0.5045903781533498,1.2819877775095259,-0.5339396566271782,0.3066495559261694
57.jpg,1.265143806841606,-0.6398039784395917,-0.3370591488839571,1.7784560500607276,0.32289638665239867,-0.4453638066432318,-0.7788992346225432,-0.39507561788467377,-0.21139219165371967,-0.875371525143375
58.jpg,2.375533934806396,-1.5632268618999772,1.0885815098939209,-0.37143244625886385,0.20664457703706893,0.42691136785399614,0.41324008960200526,-0.8601065228345258,1.3298026503811107,0.4468671342792075
59.jpg,0.2806312186522857,-1.3456223043898146,0.40340627306063137,-0.3009121688853387,0.31468072188794977,0.602196671312658,-1.4115029862107324,1.4498030932881842,1.1503401510725697,1.1649908065919687
60.jpg,-0.9971588436485572,0.5222028594314523,0.8930741538549765,0.32350637132253707,0.41123329878974646,0.6466663993589901,-0.052210019414832505,0.5650816612008638,0.6907706427081312,0.8897974285159107
61.jpg,-1.0035877049779922,-2.2201728230880513,-0.24491354764529105,-1.761754712725573,1.6335038806561804,-1.0553493305399,-1.4244550416789656,-0.6748500045860386,1.3407159104741977,1.0129792263213837
62.jpg,1.64920335851638,0.31224759606509817,0.9954391751996059,-0.38004187785430266,0.5479253401153384,0.7281437080187461,-0.3467920934007747,-0.301915514470431,0.8714457264714593,0.5110789224969545
63.jpg,-0.6618597336755213,1.0655419707110703,0.5507441523622516,0.8138173807989892,-2.020758199821492,0.464470969026565,-0.06751299872419418,-0.8473772924062969,0.1293440401415485,0.030145733192606432
64.jpg,0.40207988055704286,-0.1121144530332266,-0.31611044738831323,-0.6120592408960135,-0.41727037864161987,0.32427975071668974,-1.1546916397778182,1.7347525349111124,0.07356515522132723,-0.5018947977544398
65.jpg,0.7475556472786131,1.561870162352899,2.5834421839409507,-1.9888255420994025,-0.6800958277056655,-0.5057290516953901,-0.6438562723873693,0.8291866229143622,1.1564030733465063,1.3615575052177247
66.jpg,-1.3334940779243376,-2.020455178131929,-0.016351018856927635,-1.4576149059145243,-0.9065982968239977,-1.2780929335242621,0.559277364427241,-1.5102153166680583,1.520178409782737,1.239686152069755
67.jpg,-1.4288853333612979,-0.7804390042281164,0.10852413404232215,-0.31101327321043354,-1.2251126780778712,0.40693757781012047,4.638282535734762,-1.4766121916732413,0.06386447958302748,0.229333321133372
68.jpg,-1.5441158979680452,-2.0318739888978765,0.0733188450051747,-2.203190474986956,-0.5650910920815664,-1.7804614559393712,0.1782655476634549,-1.6777607229223495,1.721467429277452,1.3707306178202587
69.jpg,0.453198434683375,-1.0105768980876237,-0.5440875473403791,-1.6897687359983387,0.18345289840478723,-0.5179251796085624,-0.8946000946147656,0.6950410846170063,1.2097567893571541,0.8465527548182449
70.jpg,2.2613489979879207,-1.801130525482545,-0.5134651367828428,0.6053991430347618,0.7340293334543945,0.08822373567734279,0.8176192635756501,-0.4895632095957185,0.35609733318679954,0.5949473805772764
71.jpg,-1.0824870864738465,-1.148985998781008,0.6952962196060536,-1.343807900272282,-0.009271112431309849,-0.3317206554530259,-0.4276187353967246,0.010840813112029096,1.3746682752082449,0.9762867759112425
72.jpg,-1.0753063091287958,0.33008649165676907,1.5305793358227462,-0.5896375608849658,-0.26745263142636827,0.5124576375278417,-1.4371876357599076,2.185502351331265,0.9975545097693522,1.098158129059212
73.jpg,1.1970119320505646,0.0898961477964779,-1.5295780330538054,-0.3373172240252802,-0.001351096884084476,-0.11992754203614307,1.4174492828474232,-0.5099708166451177,-1.8010904118800473,-2.8489011793459604
74.jpg,1.1566480172690188,0.5760190770309901,-0.17233541305609845,-0.10313097583645552,-0.032183967312681847,0.4003665676861701,1.228442680933443,-0.40330227799553164,-0.5691046058160141,-1.2056035788346444
75.jpg,-0.15903732685250246,2.038907244195552,2.2322163119725165,-0.1818440576788778,-0.7942627567440194,0.7980573466393976,-0.5184529898262455,1.515118615518815,0.8277926860991124,0.5438400389345812
76.jpg,-0.137884610677456,0.8319951800765608,0.2643818995293422,-0.6124386235157311,0.09683785764521607,0.8641074164559961,-0.049944175232432025,1.8042739597480861,0.8859967399289083,-0.12186584707797861
77.jpg,-0.8412398163639468,0.45670357335944717,0.8042279122227622,1.1826933886303224,-0.9486943025360901,0.985010090457504,1.8136373690944558,-1.2904411238600075,-0.5860807881830377,-0.5962468130948022
78.jpg,-0.3780996952476483,0.44427011063274546,0.10529766355026936,-0.3762661279927,-0.3062589401836985,0.6374169699032477,0.555008929891406,0.1823226732349675,0.10751751995537571,-0.19787163721327114
79.jpg,0.6917220838111522,1.4193219589285229,1.8626923776819482,-0.7358641281811141,-0.25661308053483645,1.047905251985351,1.3849021302780506,-2.0036419533604546,0.5137333123091663,0.7495798501628712
80.jpg,1.5357216936183495,-1.8288833444385195,1.5816395924284934,-1.8738021898232777,0.6572283510796043,-1.8058610867801848,-0.034914875251835654,-2.5889940411153973,1.721467429277452,1.37597239645028
81.jpg,1.2762414539036913,-0.5564201897126668,-0.987217553629093,0.9569515648507095,1.3788902390282152,-0.5999892554654838,-0.7946719185501906,-0.5195400576746769,-1.6386040949385314,-1.0339353287014845
82.jpg,-0.1973918061589617,0.04325387398575391,-1.8654026331642912,-0.8875663717969516,-0.23303481083041455,-1.1767721968828957,0.8135731012271974,-0.11348768923096456,-1.5925258856566085,-2.1753326253883714
83.jpg,1.2046742559748005,0.7402827133339248,0.1410878055912799,1.3008959481343911,0.6424505422591584,-0.37540435725577853,0.6114587917757857,-1.1180432597200216,-0.7534174429437042,0.12973952716298848
84.jpg,-0.34152619633365117,1.3888526587966032,-0.8872924637984712,1.4472774137369797,2.132024220509323,-0.3552464522518623,-0.883718881267348,-0.34166792011329666,-0.6612610243798585,0.7980663024905581
85.jpg,0.5324826849760896,-0.10833973363010446,-0.15185938462805687,0.885783852903335,0.16265844798716494,1.3206984774620774,-0.3667464298662094,0.5976079081891018,-0.7522048584889168,0.04325017976765681
86.jpg,2.2148561070541706,0.8393920761930234,-0.21005852930933788,1.042629398730363,0.5940922207059507,0.8914907741634897,-0.5872863569502961,-0.5346657469126138,-1.2530022383161277,0.08125307483530307
87.jpg,0.25368881374660324,-1.4645164959571617,-0.637025842517197,-1.1416647466409489,0.8381887470614771,0.19452194172265894,-0.8081049066896623,1.3042614923106177,0.8568947130140103,0.2162288745583216
88.jpg,0.7659450915444536,0.20363293198042023,-1.5214943462166421,0.9766488482264363,0.7092062995604876,-0.5090496029025265,0.17497791052283931,-0.5605956753956212,-3.756989137452182,-1.850342350327123
89.jpg,0.14430048850391147,-1.2712648317736754,0.29734514841578386,0.21071588328500793,1.2622890776429658,0.9376494513303154,1.1881939768324568,-1.0794261202625832,0.44825375175064525,0.15463797565558435
90.jpg,-0.28327686625635146,0.5385852325190004,0.21059975418753757,1.2665148637484471,0.08924709088887971,1.1142025389357295,-0.35836069418929767,-0.5248397436843023,-0.039205199073903955,0.9762867759112425
91.jpg,-0.19326119290701665,-1.0126065765005636,-0.6264029338306664,-1.593144188086868,-0.19232774202389913,-0.8666502969873582,-0.004360000279109763,-1.3208578850148303,1.2437091540912026,0.4324522430466522
92.jpg,0.26205239195243396,-0.30991961347204966,0.10618556591523763,-0.7883719300978712,1.7439544359976662,0.07962448244432524,-1.26122430216209,1.9789678387366696,0.6895580582533438,0.7194396230402558
93.jpg,-0.06114553743666281,0.4770789936104036,0.3102679933833118,-0.6379877585969871,-0.3971470871414996,0.14218315219950198,0.06695535057171341,0.1513700645129497,0.3512469953676503,0.5897056019472569
94.jpg,-0.39398238230916105,-0.4249151963175881,1.7432399853327638,-1.0249944168144292,0.08925733565027892,0.07027383016911856,0.5035415256509479,-0.36092173328718813,1.3552669239316466,1.0313254515264552
95.jpg,-1.0533291232657336,-0.6343530733830477,-1.1346713912449522,-0.5639501932934461,-0.8063740501472382,-0.18698530482202752,-0.5272299234095016,0.9333564672142071,0.5537485993171513,-0.40230100378405625
96.jpg,0.979508720815325,0.36469187519436624,0.7714387979548243,0.6351138529778415,0.19345475083470468,0.8100257410281406,-0.024692825867809014,0.5924849577758684,0.9502637160326434,-0.446856122139227
97.jpg,0.7020207824141069,-1.012770878433765,-0.35403132647538965,0.09252176774018914,0.7711997781738426,0.555952187974596,-0.36187823626351123,0.175157475791942,0.8568947130140103,-0.9002699736359708
98.jpg,-0.11820863283198906,0.37204862722494664,-1.4058874907523995,-1.1884227513551806,-1.1625080453849879,-1.3626578570871997,-0.6900036460866101,0.7099642163682394,0.10387976659101247,-0.08124206269532257
99.jpg,1.7409061598671447,-0.21638956594341982,0.017881775012900985,1.2227376616033034,0.42157095233288316,0.6445066721987329,0.040708491258753345,-0.603309827573492,0.3197197995431764,0.7299231803002963
100.jpg,1.0392064929821752,-0.6230019040433425,1.1911714553192776,0.909172346531112,1.1184471835480745,0.9721918460218874,-0.0018358185692724887,-0.44233469600806513,0.6556056935192954,0.26602577154351337
101.jpg,-0.16783518610296913,-0.7095977387736344,-2.063608091483121,-0.6041909166102539,1.1524593156472744,-3.3090302173425963,-1.3589178966364608,-1.1699305411746537,-0.629733828555386,-1.0365562180164942
102.jpg,-0.3732733288452058,1.3684468111898487,-1.5534495384299538,-0.08871965998417698,-0.8537705305179818,-0.8125259695249707,0.16467881999343525,0.3985438622989565,-1.5088575582762767,-1.7245396632066388
103.jpg,1.4333242720627437,0.5757787652351578,-2.379073381615081,-0.8972691052634737,-0.8371094709997925,-4.941034208607322,-1.2249952000545041,-0.8355366284019323,-0.7303783383027427,-0.6250765955599128
104.jpg,1.267019869958743,0.13505383064144175,-0.856414557733381,1.1843726073221363,-1.1224173760298994,-0.6254647094593976,-1.0938715810661064,-0.27496147988951264,0.5028200522160792,-1.5659758596485291
105.jpg,-1.5239342167181216,-1.4977461674568253,-1.314996681753265,-0.9970660019665406,-1.4943641334562965,-1.8314288520898834,-0.4179021570380726,-1.9113900154551358,0.6531805246097208,0.49666403126439923
106.jpg,-1.2108455180929445,1.1220124320275342,-0.46346503642124076,0.6130441625945653,-0.3675928886298257,0.5363071524680687,-0.11700166006548808,-1.1892656156808896,-0.4999872918931298,-1.0431084413040201
107.jpg,2.307420188568262,-0.6772721451394469,0.44376394802889085,0.8893727159657518,0.7359332453219943,0.5470154002463092,-0.9329039707344126,-0.08863673642608669,-0.16773915128137276,-0.3656085533739149
108.jpg,-1.4760335910021525,-1.2855922298015234,0.8482474419477488,0.7877989486437196,-1.2676570894277177,-1.0273744946313872,-0.9702869691868976,1.8208800114014851,0.14510763805378613,1.2554114879598153
109.jpg,-1.2408061147433997,-0.45314007414850205,0.06686595860696376,1.6323562307550856,-1.1997882455581226,0.2489043090288507,-0.4500300946967354,0.6092587590012014,0.48584386984905564,1.3628679498752294
110.jpg,-0.8023317333196249,0.08160498284347965,-0.5752554966544058,0.25278529494331126,-0.43052131389964426,-0.17752649752510247,0.22395952852317771,0.5451110528455291,-0.3908546909622605,-0.35381455145636936
111.jpg,0.33870065846967756,-0.42501369066800126,0.5053714041198063,-0.4626759194720709,-1.042216588491683,0.09199656577420809,0.31623566469399433,0.19161882443505038,0.7016839028012182,0.8006871918055679
112.jpg,-1.3411280292070469,-0.21360680138752666,1.0927146859591865,0.9974096630910314,-1.3423081464515088,0.8062120618516021,1.0325642049558441,-0.12790247478346273,-0.13984970882126213,-0.17035229940566401
113.jpg,-1.046267906899222,-0.948454911950201,-0.2804774543663818,-0.05060024814063138,-0.6290265679360658,0.41258527597804173,-0.4598033307472074,1.5922038583354525,0.24453956334635563,-0.04061827831266652
114.jpg,-1.0048987218490204,0.4224944041422535,-0.5092885367761701,1.1737130213659008,-1.0975253129877465,-0.2105045517528457,-0.09803366144597926,-0.98629570209677,-0.31082411694629053,0.6355711649599339
115.jpg,-1.1700359089892192,0.4727721514539169,-0.938451110524213,1.4982030628729504,-0.915727449659589,-0.8670114790061834,-0.5384822060789493,-1.0079819018102616,-2.6498995302312527,1.1663012512494737
116.jpg,-0.09135366715760913,2.390773221037626,0.4085600802250604,-0.9947567351521033,-0.30992590115276236,-0.30532999074760886,-0.5680256739048426,-0.5424633145098922,0.4652299341176688,0.5058371438669349
117.jpg,-1.3167230257056448,1.0659919159831308,0.5255377954332429,1.0751589774192147,-0.9612492170842724,-0.16398577822090485,-0.6080541217186739,-0.36050811017096696,0.14025730023463556,0.7613738520804167
118.jpg,1.051838961208201,1.3511262732067957,-0.2445871521412276,0.41656771332348047,0.3152785375043845,0.16154846459293137,-0.5529668512559385,-0.15685015153286305,-0.9013527464277711,0.21098709592830056
119.jpg,-1.0737499044419179,0.67908678329874,0.6681857414826989,-0.22152222482243042,2.7855316290171857,-0.1554457303535337,-0.7738789178533182,0.775844524498291,0.6362043422426972,0.2922346646936141
120.jpg,-0.5323789842643268,-1.2949939600955012,-0.3273854756821305,0.9189141064217309,0.38102812408114767,-0.3311932033089111,-0.28546887340977156,-0.08039745261169014,-0.8201095879570125,0.7784096326279818
121.jpg,-1.1530494898275827,0.0019125290417214798,-0.7246708132913601,0.5182403191216279,-0.5708351351746677,-0.06731841810521276,-0.5544772062540773,0.7840909891394582,-0.41874413342237116,-0.4114741163865919
122.jpg,0.5784962504343383,0.8206577850903795,1.0232659285455692,1.2114740100820662,0.23230950460886776,0.29513959066747875,0.28732823556984427,-1.5444657614092794,-0.13984970882126213,0.9710449972812228
123.jpg,-0.8035333981243379,0.11653741373318728,0.05896318636206047,-1.1808949462031426,-0.15662780170279902,-0.1784674311657217,0.14483773447563905,-0.6936557399193217,1.2582601675486518,0.7364754035878208
124.jpg,0.39782544996533753,0.12895539814303653,-0.6441935195382595,1.4745197708126954,0.6429527045116742,-0.3830741823779952,-0.4286303078170639,-1.0045339560638908,-1.1159801949251464,-0.6329392635049421
125.jpg,-1.119887672359229,-1.4015004883323687,-1.257888545664783,-0.36274677060578364,0.14693185262150518,-0.7707477879771241,-0.10128862466022426,-0.1944109111904804,-0.016166094432942528,-0.45733967939926756
126.jpg,-1.415522308387283,-0.8484894785203921,-1.2225248982912797,-0.9729143670368244,-1.6987427997568445,-1.6688223093814183,-0.10818520438469621,-1.7630654881526493,0.3706483466442485,0.47176558277180336
127.jpg,-0.14777296674408386,-0.3184439681872836,-0.4933911775292384,1.011768444269379,-0.21660162291801757,0.3545187158710292,0.7548239918114064,-0.7433085894757688,-0.828597679140525,-0.05503316954522179
128.jpg,-1.0027808953307145,-0.6373670203749967,-0.06388573084078254,-0.7368710099288188,-0.5767426065400157,-0.040995401635107113,-0.09646711296053338,-0.5893692111039743,0.9599643916709418,0.7535111841353859
129.jpg,-1.1913090049928996,-0.7557782375870356,-0.1348189828398051,0.25150228090845667,-0.35660355743446515,-0.5493250403793685,1.728820972120836,-1.6176720522695023,-0.0028276654302808605,0.41672690715659205
130.jpg,-0.6453022615726803,0.08694186630740212,0.3252822515767391,1.056233575233191,-0.17997966623495332,1.5201752731122689,0.4458750877235836,0.744678794518286,-0.5642542679968635,-1.3169913747225719
131.jpg,-1.0552647719075736,-0.7479718042255543,-1.460122390485045,-0.09157504270491953,-0.2642849471470778,-0.39684726765971207,-0.35610805770752413,1.0757414011809519,-0.6163953995527243,-1.4244478366379847
132.jpg,0.6482578941286873,1.2365374252060666,-0.9889618638294934,1.0893835239068144,-0.42372856404889586,0.5108534478234842,1.1491635270753489,-0.6881021458087313,-2.4862006288349496,-1.5410774111559333
133.jpg,-0.6100802128254118,0.26800706638960503,-0.3676501470339378,0.34226541524206405,0.39394223780446774,0.8180736219987504,-0.7791888413468635,0.7841549135310182,-0.09013374617497737,-0.018340719135080428
134.jpg,-0.7211072828022475,0.867286355208808,0.43543732201195673,0.15958100826871166,-0.8777280658846781,0.8845545284993773,0.021044321325330018,0.48567076819998334,0.34275890418413785,0.7561320734503971
135.jpg,-0.9784312989402082,0.9457285130567428,-1.2960880459017554,0.12240668584353195,0.348050679094477,0.1882576111193316,1.5970349162645665,-0.44020140742248376,-1.4591415956299918,-2.8279340648258806
136.jpg,0.16650390569047954,0.36643733230354714,-1.0946330451787454,-0.16843536626135144,1.188829218762679,0.08301884588188671,0.1509544018993962,-0.6655659227880832,-0.7340160916671046,-0.07337939475029175
137.jpg,1.8675761848731458,0.923587532230569,0.878439648714251,-0.7311778335285812,1.18438804711854,0.1776464747142677,4.275087628368632,-1.3507637099515963,0.012935932481955409,-0.11793451310546248
138.jpg,0.368127189602457,0.06399776689837458,0.100409653531701,0.2630457357467777,0.3679768292183475,1.1504217271244028,-0.15848804541558165,0.9461960770165851,0.09539167540750136,-0.034066055025140596
139.jpg,-1.0363636815480397,0.09012074004500419,-1.4420138197090593,-0.3471611935119201,-1.21788800746467,-0.27160261524717083,2.1601179947565523,-0.6957952525267829,-1.683469719765667,-1.3366480445851483
140.jpg,0.2848826626322971,2.1835487208838775,-0.0477679521380414,1.0071964788091834,0.03423379260401989,0.9900200114175127,0.4955082118363888,-0.329962800679336,-1.756224787052913,-2.2788577533312697
141.jpg,-0.5696382120817363,1.3339759337411512,-0.007710915666187235,-0.48360754342472484,-0.49574343852882163,0.4344611436668576,-0.16039210987257155,-0.3284123060453175,0.5610241060458764,0.16250064360061517
142.jpg,-0.3442975163250825,-0.20339663286495718,-0.08417927623927318,-0.2184500156870008,0.8774301351574327,0.7185082655014315,-0.1909497220381379,-0.605138264440098,0.9526888849422179,0.07732174086278694
143.jpg,0.07367734372083079,1.725837380375941,-0.250336670353468,0.7020007637705502,-0.14462752204784002,0.5273773326944788,0.28927509524568634,-0.1924366010025406,-0.6564106865607092,-1.315680930065067
144.jpg,0.23333888571687245,1.8902357428335057,0.116825072997064,0.3789488459269806,-0.40308536982948856,1.2309896343108342,1.0094204020404232,-0.46343096280108514,-0.7885823921325399,0.24112732305091747
145.jpg,0.5042087181444248,1.9623535335435243,-0.3260304585730086,-0.9565431743843525,2.956260815608101,0.18320570338393438,0.8160753109072124,-0.44395268166971513,-0.6139702306431483,-0.5870737004922665
146.jpg,0.9087433043159971,0.8364096759345013,0.3009910795657454,0.03902785664829192,1.0909919852733154,1.0838947233111043,0.9813287944910988,-0.8408009031914306,-0.5218138120793039,-0.2896027632386224
147.jpg,-0.6299290029858652,0.19558917640338383,-0.19389600375366803,0.36215209518079955,-1.215187482953632,0.7306798529261264,0.5056249866660034,0.06241749235010866,-0.4757356027973811,-1.6118414226612063
148.jpg,0.13990435215491184,1.0429462007928425,-0.8955830030531985,0.14328431041630668,-0.4128325710095022,0.557730843390597,1.2075259637211235,-0.0017104907010034188,-1.2081366134889922,-1.6786741001939631
149.jpg,-0.40628826040863886,-0.14719448087067968,1.7920733208234745,-1.7410708873202827,1.7135576288372851,-0.17945753997345856,-1.4108690238189527,1.2300576194000286,1.5989963993439211,1.4192170701479456
150.jpg,-1.0529789369310871,0.869489114250614,-0.14040244974025096,1.2495697313133167,-0.5477324764908765,0.48091062285452174,-0.0008453907667019713,-0.7259237050051578,-1.5646364431964979,0.7010933978351858
151.jpg,-1.0921468318650365,0.12058204007197293,-1.7707946252401148,-1.073943975860804,-1.1853616279693728,-1.1036097952824573,0.4193634478110161,0.05816174076732501,-1.356071916973059,-2.6051584730500243
152.jpg,-1.208213853859532,1.8898050815535368,0.8272674027662351,-0.2146042427902751,-0.03509248210495016,-0.2958615996122607,-0.49595447684134536,0.2968018285059459,0.27485417471604084,1.3969395109703595
153.jpg,-1.293585728519022,1.5448816614499303,-0.6674551458205942,-0.3470668553742254,-1.058096320063883,0.5920537093194164,-0.8447137369066005,0.45892156460188915,-0.3180996236750143,0.1939513153807355
154.jpg,-1.1226589945427796,2.1344665662195434,1.5649898125508326,-0.6724154054341228,-0.6880569993517519,0.9452670774787392,-0.12456194324047581,-0.20901593941954316,0.7319985141709048,0.6434338329049633
155.jpg,-0.1546140028232547,0.43310899978437334,-1.1893015369474806,-0.5195864680014727,0.2516001862392824,0.03448649998351348,0.8404083693423321,0.4231510225588491,-1.493093960364039,-1.8660676862171832
156.jpg,-0.051105922431169966,0.5043499240080781,0.15819849406065495,0.8400809183116785,0.06251445104033133,0.8368453797295147,-0.41663739348148615,-0.8171768451321053,0.6192281598756736,-0.24373720022594675
157.jpg,-0.06972030638564487,2.0212237266779844,-0.30860341678605857,0.07985042166206568,-0.33154272884265584,0.6584667688973803,-0.15059831555314612,0.18265300870253315,-1.3293950589677357,-0.6316288188474373
158.jpg,-0.0859750434268193,-0.5580372080928063,-0.4931415047009841,-0.6315660667136571,0.7475207651620412,0.3376179771807145,2.0864370876552334,-1.1135397140756094,0.13298179350591174,-0.6185243722723869
159.jpg,1.1772508846885543,2.3614990090858092,-0.3929159503360029,-0.5335414152755859,2.0644877826552386,0.42919022027042947,2.9144141045158265,-0.34210956137181203,-0.8431486925979739,-0.9657922065112228
160.jpg,0.9004956335705502,0.554218533836033,0.328821085889196,2.397246161619577,0.8850745395919867,-0.7772817804610417,-1.051480986690886,-0.6438807106701683,-1.604651730204483,-0.032755610367635704
161.jpg,0.37706578577139666,-0.7415298242731211,0.37302828845104685,1.9993989880275016,0.6345996247893123,0.40546007279658713,-0.492418500365292,0.2927317524728024,-1.0905159213746105,1.1033999076892316
162.jpg,1.0179630912872855,1.1060045417074538,-0.21947093471044815,1.5514034844232798,1.5639051128641626,1.0081178476846884,0.603071962940709,-1.9180288751721488,-0.7134021559357191,-0.8412999640482434
163.jpg,0.8630649946515158,0.8032371028002192,0.11946820112474417,1.1284848579157765,1.8264021794819176,1.306759923160724,0.6951501942468407,-1.4004618717127486,-0.5497032545394146,0.15725886497059413
164.jpg,-1.2765502726410018,1.623806222013339,0.9813143257548902,0.6346693231856341,-2.6541597761732647,-0.16256874023335277,-1.0996051105276285,-0.1511597674041423,-0.5339396566271782,0.9658032186512033
165.jpg,0.26492190974915797,0.504075456120728,-0.37316260044244054,1.1589900440145138,-0.23820188058485636,1.0394020128275614,0.21991106180479553,-0.46996403426323485,-1.4142759708028563,-0.6565272673400331
166.jpg,-0.3326106871931863,0.7515227956673824,1.1874080916368097,-1.4165750226280784,-0.6943296964609819,-0.08147433429195224,0.8895123264594675,1.9535666638444535,1.1030493573358595,0.6814367279726095
167.jpg,0.362395560247362,0.5463586123608873,1.4105443898352397,-0.10923381837102672,0.10583876985539802,1.0741272946875389,0.8255508661434096,0.42544884896205676,0.8811464021097591,0.5346669263320455
168.jpg,1.1189172155900828,-0.30189935828908077,-0.0679233679341712,0.7329452818377484,0.23624455665730157,0.7189571205039447,0.46403091220189585,0.7477181786754136,-0.19320342483190878,0.9972538904313236
169.jpg,-0.335992521963399,1.088088482530388,0.3826601774839243,-1.0500971537430228,0.33727053700664755,0.06156405965593073,-0.45993853152997977,-0.4871692297673233,0.8374933617374108,0.7902036345455272
170.jpg,-0.6642698674096906,-0.8022864814268066,0.16650683614859824,-0.7193658924546549,1.636234097405105,0.4012090455088141,-0.48606449679450714,1.2204561465983361,0.5682996127746002,-0.31843254570373436
171.jpg,0.9949977186224369,-0.8606897817075546,-1.9844391364071534,-0.8913228660491173,0.27983837622009433,-1.7933615097814035,-0.9618490571698901,-0.9528203167314904,-0.051331043621778316,-1.6459129837563364
172.jpg,-0.2826552876789452,-0.6907267832219437,-1.652012836849287,-0.6174289970648269,0.7919640322248181,-1.2958733368355517,-0.67025168309979,-1.1075504650874037,-0.22473062065638266,0.03407706716512111
173.jpg,0.42034564434357863,1.533946534857831,-1.7331249691178343,0.4340711766903405,-2.5403279238164536,-2.7096112495739755,-0.890415816667337,-1.0061445043711446,0.11721819559367413,0.5988787145497925
174.jpg,-0.798918389402102,0.476104868700094,1.659444095840745,-0.03500005517273168,-0.9357070455413448,0.4985980143950181,-0.36732626608674496,0.7848923174339778,0.6046771464182233,0.8321378635856882
175.jpg,0.19532511505869307,0.6534292482774948,0.5103431188716542,-0.4902787472203376,0.04613482106460541,0.10205141089344255,-1.0094433881779505,0.2209996166473919,0.614377822056523,0.5477713729070959
176.jpg,-0.9249344211477742,-0.5568878676848428,0.8508685887280925,2.387808706914701,-0.5756553940762651,-1.1706748306638608,-0.8822365148255429,-0.6755530172950989,-0.9680448914410794,1.4428050739830367
177.jpg,-0.027673536129373632,-0.7495980884095512,1.1620394517878712,1.403423321663204,-0.6562802471588268,0.09852927591320094,-0.9049800945052056,-0.3966690945283688,-0.10953509745157554,0.6722636153700738
178.jpg,1.743594880608361,1.1408245934519787,-0.07203000950538821,0.17943423053652227,-0.7294164053676896,0.6458862970008435,1.7441263335108044,0.16417651500424185,-1.0371622053639638,-0.6421123761074778
179.jpg,-0.15198154147956758,1.1152069837754754,-0.1963118162636104,0.280085468104051,-1.5294712237616717,0.611564517463737,1.8122861492736348,1.4905681192871563,-0.3217373770393762,0.293545109351119
180.jpg,0.9485296478991033,0.527949558137748,-0.4621521975761297,1.4909546495682715,0.5048661403175946,0.7841294871986391,2.5556760666057223,-0.8314323203496485,-1.6955955643135414,-3.0467783226292213
181.jpg,1.3408286186097758,-1.2742409376047736,0.746672919157692,-0.14024580536621345,0.4907649574410176,0.8781944124708477,-0.6177042539330795,-0.004607160408515732,1.4219590689449548,1.1676116959069787
182.jpg,-0.42810049657387095,-0.8139718183027113,0.534055041967749,0.018574626672496077,0.10362962626947696,0.5738433850740606,-0.5892587999052787,-0.2368568570750899,1.2825118566444005,0.6303293863299129
183.jpg,-0.11163072401827578,0.7406402563523264,1.763722263214937,0.1475287134777431,0.048426595814434766,0.6940702363936841,-0.20061203335097855,0.24457111494878866,1.00361743204329,0.6735740600275787
184.jpg,1.4574626619302946,-0.2358902835559095,0.37329063092022036,2.0364678659335316,0.48139089263661,0.9098827788564325,-0.7993053470520108,-0.4173042986070911,-0.18956567146754688,-0.8675088571983441
185.jpg,-1.402776349505808,1.2233078957137504,1.2339597631676293,2.386850472906641,-0.060112693867001014,0.019608050762481514,-0.4776036118828571,-0.9535010351172944,-0.2126047761085083,-0.6172139276148819
186.jpg,-0.9970881502839205,-0.4234236824494896,0.6493595377532486,0.6123692675715358,-0.4552850646841511,0.458172529224302,-0.7243638784025143,0.314510067975678,0.5573863526815132,0.07994263017779672
187.jpg,-0.3256071488381861,-0.5887351351462244,1.097816532282632,1.237515454786741,-0.3531415795442418,0.9851643301249094,0.14440129273169708,-1.0888984019519914,0.6010393930538614,0.005247284700010555
188.jpg,2.183952952942322,1.156827594721123,0.2807642265544936,1.1929993006794586,0.49133109809331627,1.4275489628428906,0.7639582833775378,0.20778785649135298,-0.7582677807628534,0.4940431419493895
189.jpg,-1.2413825149484936,-0.39086144897449926,1.6054224876259322,-0.41079488375592765,-1.0174467692403317,0.9619101801806983,0.4400230448284734,-1.2403319648375117,1.50926514968965,1.0902954611141813
190.jpg,1.5687437786653238,-1.0382858596101932,-0.9929653990716466,-0.5324545027939683,1.52807188116919,-0.05933452341727536,-0.5199630617165485,-0.3579173849735345,-0.16895173573616007,-0.7390852807628515
191.jpg,-0.9416364993738111,-0.046357034309635045,1.2805271252628927,1.6702740458351233,-0.3608529141673512,0.705855781445847,-0.9940361492886058,-0.3554970877452599,-0.058606550350503474,-0.15069562954308915
192.jpg,-1.3149385784062702,0.32107957901690815,2.216741555827479,-0.4386300803956593,-0.7823530486188289,-1.140038227495305,1.2210570251044879,-1.7781903979084561,0.8435562840113487,1.366799283847744
193.jpg,-0.7079069905580399,-0.35092473267476293,0.29124699876631377,-0.5006834594625391,0.07188908890263253,0.6458563910760389,0.4587004034639091,0.09181603813204361,0.9878538341310538,0.4560402468817432
194.jpg,3.4434970993560823,-0.5505629173409601,0.1809036351664355,0.8317048787211035,0.4487533534254764,0.7874812323162576,-0.011518893775583511,-0.32402884161503664,0.35003441091286164,-1.2855407029424515
195.jpg,0.24404312771115005,0.43061709082464694,1.3470468793836425,-0.6968730544677092,0.030264293559044936,0.2461257543651164,-0.9233996803136398,1.8404316645149918,0.935712702575193,0.9985643350888285
196.jpg,0.7003163931849823,-1.0361385144406856,-0.14652291919406826,0.42924711722008946,0.4843263019548787,0.7381510061090696,-0.8862996925936052,0.8402166247403033,0.5828506262320505,0.4376940216766732
197.jpg,-1.2044603046272375,0.7872335696993759,0.039766117613708636,0.7572866969902939,-0.9337115714566273,0.9674287998072413,0.5115009891235446,0.8556756271497443,-0.8152592501378633,-1.226570693354724
198.jpg,1.3712500099436855,-0.2271935925854974,-0.37371579380248615,1.255977318130459,-0.2419589359859613,-0.020446969303079418,0.07488328164210936,0.590200166787048,-0.5666794369064395,-1.1073202295217657
199.jpg,-0.1796898976527442,-0.248794688754155,0.03646767793959498,0.7535949569561694,-0.647032072631534,0.8135884749007897,-0.24119959514073347,1.6658735103412776,0.03961279048727874,0.2856824414060882
200.jpg,-0.444243751863005,-0.7957963810154314,1.2534500738303653,0.49730064890296855,-0.3625164498734243,0.8042148112041582,-0.7462919642588964,-0.04388282872289829,1.4292345756736802,0.4481775789367124
201.jpg,-1.1971018945225838,-0.5835474428876823,0.49873063405196516,0.9056640951091051,-1.350957087584701,0.5019344334802573,-0.1101459446552556,-0.5009622165527979,0.7914151524554893,-0.2502894235134712
202.jpg,-1.1525236250062534,0.09532006492225152,2.518444357133296,-0.6786178965186885,-0.7534907256081301,-0.4272172772057318,-0.6854511180518377,0.12774060385160094,1.193993191444918,0.9409047701586074
203.jpg,0.7950893644735537,-0.14451217740495073,-0.4422331819507024,1.0171792326323497,-0.05235700402230864,0.20809121496734384,-1.1895082691397543,0.4475402963202057,0.3742861000086104,0.5438400389345812
204.jpg,-1.4350463434451257,-0.4289632670987628,0.3274973196189242,-0.10295007383595103,-1.6504333759902674,0.22611309900813076,-0.7950549333389101,1.5121584454879549,0.7429117742639919,0.4481775789367124
205.jpg,-1.2475704007882409,-0.4126718915906192,1.476467408752468,0.050945033914381696,-1.936045754518228,0.20007655995341292,-0.7952064808308251,-0.23205199209397123,0.8011158280937878,1.094226795086696
206.jpg,-0.30059955264919574,0.9116252706464657,0.5668125244841854,2.028009910964353,-0.027458550844021896,-0.48939640683186253,0.43508084356798626,-1.5628731454046239,-0.9910839960820409,0.41672690715659205
207.jpg,0.10700638172166135,0.7358732529651542,0.5957582238775918,0.9404931547667641,0.17887265885508455,0.37482077355723104,-0.5351173177073755,0.2602985537572975,-0.09740925290370117,0.6486756115349843
208.jpg,-0.2504863290925847,0.3192479368923593,0.5518326986497992,1.9543781532598399,0.45901672028450413,0.28224260909664356,-0.8762840702333698,-0.27366666866509043,-0.09983442181327577,0.028835288535101537
209.jpg,-1.2619792412018276,-0.4918381104546267,-0.8751632126446905,-0.7914020504711823,-1.1368132660922097,-0.45839500070420547,1.523963749272788,0.06921396591686628,-0.20775443828935775,-0.9448250919911416
210.jpg,-1.0864819456596684,-0.16193586878044033,0.6000561388678088,0.326659008542988,0.7001491452320859,0.7736559652056615,-0.9228695549065071,0.5925297352518044,0.49675712994214133,0.8033080811205776
211.jpg,0.4036590502676778,-0.9306256085200045,-0.11290364707813445,-0.41477247496922487,0.9684909158056719,0.5877349131985941,-0.7448069200656585,0.19555729214301057,0.736848851990054,0.5150102564694692
212.jpg,-0.016920659575103122,-1.2433834205367271,0.020732328945442434,0.31659184990315226,-0.3449047116377308,0.5098534858807195,-0.3959806818450571,1.2505721355723403,0.8120290881868748,-0.06682717146276729
213.jpg,-1.3296383266712313,0.5210579311363829,-0.3535903221488126,1.5042905563558249,-1.0837783271937034,0.27938213488372965,-0.4852109773592208,-0.4194601729077788,-1.5403847541007492,-1.2291915826697353
214.jpg,-0.06184992638281796,1.071935378024435,-1.1906280929749384,-0.8931190966772627,-0.2025127256458098,-0.44441791287230586,-0.3409584629834963,-0.3946938277548504,0.13055662459633716,0.7482694055053664
215.jpg,0.5100250844425528,-1.475747646202305,0.5637490299869101,-2.4893098563108174,0.6716821362077848,-2.624987866176325,-0.83822983116182,0.9038310376721953,1.8293874457535342,1.4179066254904409
216.jpg,1.0411618604774648,0.9974077394331528,-0.07765579962328437,0.44199535880068763,0.3365885183717521,1.144719396568427,0.6087909673912132,0.7470069889768844,-0.23685646520425704,-0.6316288188474373
217.jpg,-0.008527004023244742,-0.30283847216664495,0.22189783294694596,0.47627047177846193,1.3181303499754204,1.2689573869963064,-0.4882119433985788,1.0405260224098323,0.3512469953676503,0.32630622578874424
218.jpg,0.042804560785126726,-1.1612315743102286,1.294050712591992,-0.2299953528015835,0.5043283444062016,0.14801440236338909,0.04866372612636957,0.3195388539543041,1.234008478452903,0.6552278348225088
219.jpg,0.01861263994343803,2.329850721596928,1.3262707990129043,-0.10421815826574457,0.9593554079742893,1.0496684270650176,1.0245021398792846,1.1783798604686582,0.5052452211256538,0.39969112660902695
220.jpg,0.9332640304272085,0.18889544265946637,-0.6984292858909562,-0.8408354832510168,0.13492287978642487,0.1481998875034186,1.6502834634533514,0.28551666436907863,-0.19320342483190878,0.252921324968463
221.jpg,-0.9134965844528027,1.1637944346406985,-0.6671548171839696,0.09378227684950681,-1.0484463089619986,0.1431853264482226,-0.7213006721718782,0.8644595224039353,-0.6794497912016707,-0.8268850728156881
222.jpg,-1.0521789318087835,0.5091845944968216,0.6331797969586634,0.9693276011144264,-0.6831647716771008,0.7179146545991907,0.19097776767696367,0.10312710480751333,-0.1252986953638118,0.1834677581206949
223.jpg,-0.812252266896165,1.356462406410503,-0.2772880169512492,0.012392499496951691,-0.27173622836839517,0.514223697042551,-0.22200952302336752,0.1783853899534262,-0.5909311260021869,0.49142225263437966
224.jpg,-0.22327424341144936,1.0146262817013505,0.5868204675682936,-0.049125751844748114,0.5065884104031039,0.6595882109571133,2.7118680619294464,-0.7702421607446763,0.364585424370312,-0.31843254570373436
225.jpg,-1.3840459752804861,1.7526759720709157,0.2956896760783098,1.4660276807060033,-0.8159846770344561,0.771423313078595,1.0599464004554768,0.06502258362208552,-1.1741842487549436,-1.4506567297880855
226.jpg,0.6114905498678633,0.4526770029985561,0.13628763622767612,0.6555737815145092,0.7604045162778635,1.1243709374529416,1.6783425411304131,0.3373582778926414,-0.040417783528691256,-0.9828279870587878
227.jpg,-1.503949674391558,-1.2028340366325838,-1.4811092533718522,0.2894132646054335,-0.5726089480333589,-0.36685593049465226,-0.5080992189583319,-0.16861449075602677,0.26030316125859193,-0.11793451310546248
228.jpg,1.6062085627466332,1.2764212309122747,1.814553497922828,0.5837125507958101,1.7178056813228428,-0.08051695612253677,1.248901683972451,-1.0708694685761455,0.6010393930538614,1.1361610241268567
229.jpg,-1.386470224244189,-0.6862964696631264,-0.4019459928722679,-0.7836626505018217,-2.7872747076825397,-0.2597937453020248,0.538181142849778,1.4611837807898476,0.9830034963119032,0.1376021951080193
230.jpg,-0.42911620410574314,1.1158603148479695,1.178781494403914,0.7832057179573761,-0.19452581369881988,1.2685274826158923,1.7391278622393094,-0.43927406766347615,0.1426824691442115,0.2778197734610574
231.jpg,-1.4010154336154756,0.25554894143536144,-0.34629815537284414,-0.4878423802516777,-1.3886988493992125,0.21777179811699732,0.2630252127168825,1.6569999822311665,-0.9692574758958667,-0.6591481566550429
232.jpg,0.14340451453356215,1.7811737352618229,1.1344512695164195,0.50326157595234,0.24980827745573955,0.39295560430374554,0.7002309297653555,-1.466720412150628,0.24575214780114293,1.0837432378266554
233.jpg,-0.10678065476212,0.001066796380142716,0.10475679579463061,0.41050343367588704,0.8550198115021731,1.1061621156486883,1.99217415483851,0.863851406196168,0.6410546800618464,-0.7521897273379005
234.jpg,1.32236932454531,0.2614167896429261,1.16787355913938,1.1573478748817778,0.7221269547937249,0.6866974631874233,-0.39420980570502984,-0.2597399854799514,0.11964336450325008,1.285551715082432
235.jpg,0.7753583177173897,-0.28386393023073103,-0.08875024376987975,-0.5635407746070665,0.7549850239821653,-0.15302625541195286,-1.2513243164742682,0.9695321357030575,0.895697415567208,1.3825246197378043
236.jpg,0.7157915797882781,-1.1658839382339217,-1.1726409343428046,-1.0154865259897905,1.31104925604404,-0.6414734210570949,0.23239592604086826,-0.9290136626526596,-0.23564388074946838,-0.2122865284458264
237.jpg,-0.2363362584476214,0.4980123437120967,-0.9337761358115827,0.434301085681678,-0.596460904240923,0.4537866728660868,0.7379294751941105,-0.22806239040774248,-0.6006318016404866,-1.4834178462257122
238.jpg,0.6331341771894247,-0.015025932298161048,0.004724208928134507,-0.3927352192587887,0.2751699790118447,0.7386379399710583,-0.1850834667660748,0.6918576038559225,0.9138861823890203,0.024903954562585404
